latitude,longitude,room_type,price
40.81088839,-73.91078221,Shared room,$45.00 
40.70081247,-73.92786058,Shared room,$26.00 
40.68832135,-73.96498865,Shared room,$32.00 
40.64537594,-73.94863227,Shared room,$36.00 
40.79280928,-73.93955305,Shared room,$40.00 
40.6732349,-73.8892015,Shared room,$39.00 
40.61999104,-74.03180741,Shared room,$33.00 
40.59084401,-73.79308232,Shared room,$90.00 
40.76895323,-73.9235998,Shared room,$300.00 
40.68604909,-73.91957096,Shared room,$50.00 
40.70733881,-73.83467285,Shared room,$100.00 
40.73469765,-73.95726788,Shared room,$185.00 
40.81139382,-73.93886044,Shared room,$71.00 
40.81027496,-73.94080338,Shared room,$38.00 
40.80605583,-73.94857594,Shared room,$55.00 
40.86760613,-73.92717948,Shared room,$30.00 
40.75124558,-73.9853347,Shared room,$400.00 
40.75349742,-73.97370344,Shared room,$85.00 
40.61358617,-73.95983125,Shared room,$32.00 
40.84033823,-73.83006898,Shared room,$20.00 
40.60054305,-73.95614384,Shared room,$26.00 
40.7690405,-73.94867843,Shared room,$55.00 
40.77804056,-73.97776439,Shared room,$95.00 
40.80022151,-73.9595565,Shared room,$49.00 
40.78504235,-73.97642472,Shared room,$75.00 
40.76974535,-73.98578741,Shared room,$43.00 
40.84499989,-73.93917917,Shared room,$35.00 
40.70906442,-73.95427266,Shared room,$54.00 
40.68657377,-73.95356349,Shared room,$16.00 
40.69442561,-73.9463597,Shared room,$40.00 
40.69402821,-73.93459029,Shared room,$30.00 
40.6820918,-73.94625719,Shared room,$41.00 
40.57701337,-73.96615955,Shared room,$50.00 
40.69984911,-73.92925024,Shared room,$35.00 
40.74725579,-74.00213249,Shared room,$75.00 
40.64487352,-73.94919019,Shared room,$40.00 
40.79345746,-73.94571257,Shared room,$42.00 
40.79504034,-73.9340492,Shared room,$60.00 
40.78797981,-73.95143375,Shared room,$43.00 
40.72961631,-73.98359933,Shared room,$80.00 
40.62707344,-74.02816712,Shared room,$60.00 
40.81938567,-73.95438449,Shared room,$25.00 
40.76322479,-73.99260878,Shared room,$44.00 
40.73972537,-73.97978886,Shared room,$100.00 
40.74087549,-73.9828481,Shared room,$65.00 
40.76143444,-73.92760516,Shared room,$40.00 
40.75222679,-73.97022892,Shared room,$74.00 
40.70890507,-73.90020545,Shared room,$45.00 
40.76645041,-73.94686935,Shared room,$36.00 
40.77369852,-73.95615543,Shared room,$80.00 
40.79939107,-73.967524,Shared room,$70.00 
40.84741799,-73.9414465,Shared room,$38.00 
40.85349744,-73.93790754,Shared room,$75.00 
40.69838381,-73.91964978,Shared room,$60.00 
40.67816476,-74.00202526,Shared room,$48.00 
40.6948151,-73.96418983,Shared room,$50.00 
40.67767048,-73.96019886,Shared room,$42.00 
40.67526711,-73.9410981,Shared room,$55.00 
40.79193439,-73.94389501,Shared room,$45.00 
40.80758833,-73.94092924,Shared room,$55.00 
40.72496842,-73.98183406,Shared room,$50.00 
40.72421643,-73.98465087,Shared room,$85.00 
40.71401251,-73.78053136,Shared room,$110.00 
40.64619865,-73.96114491,Shared room,$400.00 
40.64167769,-73.95409367,Shared room,$60.00 
40.62039184,-74.04021494,Shared room,$79.00 
40.73476985,-73.98069296,Shared room,$100.00 
40.76297327,-73.91695977,Shared room,$80.00 
40.76679335,-73.91495258,Shared room,$49.00 
40.80219432,-73.94636254,Shared room,$57.00 
40.81022167,-73.94265839,Shared room,$115.00 
40.87240278,-73.91740555,Shared room,$82.00 
40.7423545,-73.97995492,Shared room,$55.00 
40.71979406,-73.99262468,Shared room,$65.00 
40.76298397,-73.98117193,Shared room,$129.00 
40.61056474,-73.97275995,Shared room,$28.00 
40.7236313,-73.99545619,Shared room,$70.00 
40.73370016,-73.85884399,Shared room,$45.00 
40.70375359,-73.90341902,Shared room,$30.00 
40.74324013,-73.91824691,Shared room,$88.00 
40.74449306,-73.9101165,Shared room,$40.00 
40.78352201,-73.94816794,Shared room,$70.00 
40.7777504,-73.95360613,Shared room,$75.00 
40.77110636,-73.94749097,Shared room,$100.00 
40.80105874,-73.95945833,Shared room,$49.00 
40.85334837,-73.93215406,Shared room,$45.00 
40.71215995,-73.94985543,Shared room,$400.00 
40.69079355,-73.93343697,Shared room,$65.00 
40.68937355,-73.92259999,Shared room,$25.00 
40.6614947,-73.94278031,Shared room,$55.00 
40.6914334,-73.99240734,Shared room,"$1,000.00 "
40.6990189,-73.93101723,Shared room,$50.00 
40.73978315,-73.99629855,Shared room,$250.00 
40.67495303,-73.96269452,Shared room,$105.00 
40.79728617,-73.9475813,Shared room,$50.00 
40.78721713,-73.95203084,Shared room,$55.00 
40.79203164,-73.95013643,Shared room,$34.00 
40.79523416,-73.94762486,Shared room,$35.00 
40.72366832,-73.98130588,Shared room,$100.00 
40.69393645,-73.97115296,Shared room,$39.00 
40.77393459,-73.93047426,Shared room,$34.00 
40.68441153,-73.95099091,Shared room,$68.00 
40.80364701,-73.95510416,Shared room,$50.00 
40.80326288,-73.95797412,Shared room,$80.00 
40.80063288,-73.95313194,Shared room,$45.00 
40.76645649,-73.98703979,Shared room,$50.00 
40.75179798,-73.88008301,Shared room,$40.00 
40.74469655,-73.9759344,Shared room,$49.00 
40.76061876,-73.93039234,Shared room,$150.00 
40.70985485,-73.98723525,Shared room,$30.00 
40.71286095,-73.98848983,Shared room,$49.00 
40.74986528,-73.98664031,Shared room,$55.00 
40.71577122,-73.90224063,Shared room,$35.00 
40.81004889,-73.95990494,Shared room,$70.00 
40.80437271,-73.96387462,Shared room,$35.00 
40.66285355,-73.98240618,Shared room,$35.00 
40.77126142,-73.95482935,Shared room,$169.00 
40.79997319,-73.96529306,Shared room,$80.00 
40.77722181,-73.98064735,Shared room,$150.00 
40.70489233,-73.93690973,Shared room,$45.00 
40.68186019,-73.91188199,Shared room,$31.00 
40.68638928,-73.93115636,Shared room,$50.00 
40.68797396,-73.95258041,Shared room,$16.00 
40.69440892,-73.94273957,Shared room,$30.00 
40.60950839,-73.97641645,Shared room,$39.00 
40.66248927,-73.95800443,Shared room,$75.00 
40.70696419,-73.92204569,Shared room,$28.00 
40.69539369,-73.9285015,Shared room,$47.00 
40.6699057,-73.92196089,Shared room,$25.00 
40.79571275,-73.94827953,Shared room,$37.00 
40.70869681,-74.01310152,Shared room,$70.00 
40.64476065,-73.96473417,Shared room,$28.00 
40.63995181,-73.96195613,Shared room,$35.00 
40.58739564,-73.9671181,Shared room,$32.00 
40.81409374,-73.95293435,Shared room,$150.00 
40.81158342,-73.94011317,Shared room,$45.00 
40.76274688,-73.99314763,Shared room,$124.00 
40.75215967,-73.94099495,Shared room,$150.00 
40.72228188,-73.9958205,Shared room,$65.00 
40.58531256,-73.94473149,Shared room,$150.00 
40.66542895,-73.9869692,Shared room,$60.00 
40.78146594,-73.95287418,Shared room,$50.00 
40.76612055,-73.95188862,Shared room,$70.00 
40.78863617,-73.97452277,Shared room,$95.00 
40.65902379,-73.98231018,Shared room,$35.00 
40.83143542,-73.94113441,Shared room,$79.00 
40.83695382,-73.94124292,Shared room,$225.00 
40.71159935,-73.96774365,Shared room,$85.00 
40.69240219,-73.9604172,Shared room,$29.00 
40.68785738,-73.95375859,Shared room,$18.00 
40.68599955,-73.95285242,Shared room,$20.00 
40.68313074,-73.87077345,Shared room,$19.00 
40.76657719,-73.87722023,Shared room,$55.00 
40.79392083,-73.94093078,Shared room,$50.00 
40.86758804,-73.86852971,Shared room,$65.00 
40.58552007,-73.96645928,Shared room,$32.00 
40.73079805,-73.95393562,Shared room,$60.00 
40.72399698,-73.94508169,Shared room,$55.00 
40.82694827,-73.94674499,Shared room,$100.00 
40.76452268,-73.9915693,Shared room,$72.00 
40.75010003,-73.89044951,Shared room,$50.00 
40.71343404,-73.98724508,Shared room,$29.00 
40.71400913,-73.98917149,Shared room,$40.00 
40.72102438,-73.9857232,Shared room,$80.00 
40.58736308,-73.81444143,Shared room,$35.00 
40.78112482,-73.95213708,Shared room,$43.00 
40.78138909,-73.95261002,Shared room,$175.00 
40.78507708,-73.97877665,Shared room,$68.00 
40.79649572,-73.9629704,Shared room,$55.00 
40.73742667,-73.99896145,Shared room,$75.00 
40.69267258,-73.90708361,Shared room,$35.00 
40.73988316,-73.99926763,Shared room,$350.00 
40.57791276,-73.98469781,Shared room,$30.00 
40.73868565,-73.86519447,Shared room,$48.00 
40.65024419,-73.95051272,Shared room,$26.00 
40.64600646,-73.94885526,Shared room,$25.00 
40.79341781,-73.9405732,Shared room,$75.00 
40.72166328,-73.98326586,Shared room,$100.00 
40.64082959,-73.96435724,Shared room,$30.00 
40.75440335,-73.82866017,Shared room,$20.00 
40.76625882,-73.93053787,Shared room,$180.00 
40.69501622,-73.9471104,Shared room,$32.00 
40.63274391,-73.97179296,Shared room,$69.00 
40.8176882,-73.95381159,Shared room,$70.00 
40.82684668,-73.95368111,Shared room,$110.00 
40.75547362,-73.91866999,Shared room,$40.00 
40.74278523,-73.95783174,Shared room,$75.00 
40.75202185,-73.93587887,Shared room,$65.00 
40.75581147,-73.96929273,Shared room,$98.00 
40.71530506,-73.89987972,Shared room,$35.00 
40.59872326,-73.95429471,Shared room,$35.00 
40.58307042,-73.95824101,Shared room,$29.00 
40.78161997,-73.94750051,Shared room,$125.00 
40.77024142,-73.98746477,Shared room,$70.00 
40.77614814,-73.98054775,Shared room,$85.00 
40.83410477,-73.94023773,Shared room,$34.00 
40.83270056,-73.94027928,Shared room,$63.00 
40.84482882,-73.93900757,Shared room,$28.00 
40.85321991,-73.93217245,Shared room,$45.00 
40.7022312,-73.94248529,Shared room,$67.00 
40.71077337,-73.96259042,Shared room,$60.00 
40.70772177,-73.93752143,Shared room,$80.00 
40.71605105,-73.95180109,Shared room,$35.00 
40.69148238,-73.95882434,Shared room,$30.00 
40.68168718,-73.93019523,Shared room,$50.00 
40.67715499,-73.94542871,Shared room,$100.00 
40.6895037,-73.98236656,Shared room,$60.00 
40.6578016,-73.92333419,Shared room,$40.00 
40.78594382,-73.9443138,Shared room,$200.00 
40.79306833,-73.95138084,Shared room,$55.00 
40.79187704,-73.9451386,Shared room,$94.00 
40.76778844,-73.8278751,Shared room,$20.00 
40.68289881,-73.97204633,Shared room,$120.00 
40.77069733,-73.92532883,Shared room,$70.00 
40.73066696,-73.99831705,Shared room,$125.00 
40.80698884,-73.94227127,Shared room,$95.00 
40.76389075,-73.99071743,Shared room,$85.00 
40.76646214,-73.99344571,Shared room,$65.00 
40.75418455,-73.88586413,Shared room,$90.00 
40.74394805,-73.98059495,Shared room,$49.00 
40.74411023,-73.98011283,Shared room,$65.00 
40.74658864,-73.97499065,Shared room,$150.00 
40.744048,-73.94361543,Shared room,$49.00 
40.80265244,-73.96299566,Shared room,$50.00 
40.6081018,-73.95598553,Shared room,$65.00 
40.70490303,-73.76767319,Shared room,$63.00 
40.74343917,-73.90792807,Shared room,$35.00 
40.76781235,-73.9548837,Shared room,$65.00 
40.80166371,-73.96540229,Shared room,$70.00 
40.79952806,-73.95930717,Shared room,$49.00 
40.68286705,-73.98133893,Shared room,$80.00 
40.68472899,-73.97862807,Shared room,$47.00 
40.68539378,-73.9102748,Shared room,$60.00 
40.70468426,-73.92862654,Shared room,$95.00 
40.68860603,-73.90856164,Shared room,$40.00 
40.7511867,-73.99429456,Shared room,$99.00 
40.7393827,-74.00032174,Shared room,$120.00 
40.67104223,-73.91839814,Shared room,$25.00 
40.682503,-73.87164587,Shared room,$22.00 
40.63899235,-73.94885575,Shared room,$30.00 
40.79453487,-73.94943173,Shared room,$35.00 
40.79347355,-73.94646161,Shared room,$42.00 
40.79794397,-73.93876035,Shared room,$45.00 
40.79624726,-73.94731728,Shared room,$39.00 
40.72402389,-73.98364918,Shared room,$50.00 
40.76776571,-73.91108962,Shared room,$38.00 
40.69421111,-73.94281763,Shared room,$20.00 
40.68290932,-73.94996454,Shared room,$35.00 
40.82265263,-73.95627747,Shared room,$55.00 
40.80078099,-73.95035988,Shared room,$34.00 
40.82431727,-73.93849712,Shared room,$25.00 
40.76233828,-73.99062745,Shared room,$49.00 
40.75502106,-73.99351169,Shared room,$75.00 
40.68691949,-73.78021779,Shared room,$46.00 
40.88436668,-73.8974637,Shared room,$30.00 
40.74295535,-73.97543832,Shared room,$120.00 
40.74410286,-73.97223559,Shared room,$200.00 
40.74474642,-73.98511588,Shared room,$69.00 
40.7498365,-73.98637452,Shared room,$55.00 
40.80583221,-73.96226712,Shared room,$45.00 
40.70508447,-73.90216526,Shared room,$26.00 
40.77524004,-73.94681859,Shared room,$199.00 
40.76299042,-73.95857345,Shared room,$95.00 
40.70527017,-73.93057166,Shared room,$55.00 
40.7203988,-73.96364354,Shared room,$65.00 
40.71378407,-73.93696499,Shared room,$30.00 
40.68788919,-73.95211292,Shared room,$25.00 
40.69120735,-73.90397736,Shared room,$35.00 
40.69395714,-73.9632992,Shared room,$22.00 
40.74338703,-73.85972331,Shared room,$50.00 
40.69176157,-73.98666541,Shared room,$82.00 
40.64136196,-73.94705261,Shared room,$27.00 
40.80650583,-73.93776226,Shared room,$60.00 
40.74396549,-73.86924067,Shared room,$38.00 
40.62241323,-74.03712966,Shared room,$49.00 
40.73246166,-73.98417504,Shared room,$91.00 
40.77288561,-73.92069481,Shared room,$133.00 
40.68016762,-73.92028728,Shared room,$75.00 
40.82391225,-73.93880632,Shared room,$85.00 
40.82434141,-73.94816007,Shared room,$40.00 
40.81983127,-73.95682043,Shared room,$38.00 
40.81152007,-73.93948716,Shared room,$110.00 
40.80772424,-73.95375068,Shared room,$75.00 
40.80891876,-73.94156136,Shared room,$115.00 
40.75372054,-73.99331912,Shared room,$75.00 
40.75812163,-73.98934698,Shared room,$10.00 
40.76426882,-73.99096289,Shared room,$120.00 
40.86588633,-73.9256599,Shared room,$30.00 
40.7146509,-73.89892705,Shared room,$35.00 
40.72624625,-74.00180042,Shared room,$195.00 
40.76083473,-73.98497471,Shared room,$53.00 
40.7790267,-73.95237571,Shared room,$45.00 
40.78009019,-73.95328416,Shared room,$80.00 
40.78043786,-73.98365717,Shared room,$50.00 
40.77657392,-73.97753356,Shared room,$155.00 
40.83463146,-73.940001,Shared room,$35.00 
40.85768814,-73.93374218,Shared room,$120.00 
40.70725434,-73.94413979,Shared room,$75.00 
40.68753808,-73.95393667,Shared room,$25.00 
40.68828286,-73.92988884,Shared room,$30.00 
40.69505375,-73.93161293,Shared room,$45.00 
40.70475917,-73.91968102,Shared room,$25.00 
40.69507702,-73.91053418,Shared room,$29.00 
40.8102887,-73.85300182,Shared room,$21.00 
40.66814668,-73.92919047,Shared room,$50.00 
40.67852712,-73.88958409,Shared room,$70.00 
40.68056841,-73.89313385,Shared room,$50.00 
40.63278984,-73.93895681,Shared room,$65.00 
40.724447,-73.98206439,Shared room,$44.00 
40.65254955,-73.96227266,Shared room,$85.00 
40.73764854,-73.98365868,Shared room,$65.00 
40.76386874,-73.92397821,Shared room,$85.00 
40.70504936,-73.83383353,Shared room,$36.00 
40.82257545,-73.94694481,Shared room,$75.00 
40.81302145,-73.95348654,Shared room,$55.00 
40.83001259,-73.94643507,Shared room,$165.00 
40.82929164,-73.94234251,Shared room,$50.00 
40.80025669,-73.95460255,Shared room,$27.00 
40.82664575,-73.94669141,Shared room,$49.00 
40.82622789,-73.93654659,Shared room,$30.00 
40.76342921,-73.98659338,Shared room,$50.00 
40.86769675,-73.93114805,Shared room,$90.00 
40.74387444,-73.98495803,Shared room,$60.00 
40.87786436,-73.87640604,Shared room,$50.00 
40.67954279,-73.97386842,Shared room,$70.00 
40.73798963,-73.9255859,Shared room,$60.00 
40.65241044,-74.00726024,Shared room,$40.00 
40.77689298,-73.94660641,Shared room,$60.00 
40.77486127,-73.95583438,Shared room,$48.00 
40.79404501,-73.96579835,Shared room,$60.00 
40.77221974,-73.9892268,Shared room,$85.00 
40.83851715,-73.94323593,Shared room,$40.00 
40.71860637,-73.94361882,Shared room,$75.00 
40.70649921,-73.9373533,Shared room,$50.00 
40.71186236,-73.94228841,Shared room,$42.00 
40.71523908,-73.95015469,Shared room,$150.00 
40.6913199,-73.94205186,Shared room,$50.00 
40.6876776,-73.95762016,Shared room,$35.00 
40.69673633,-73.92972369,Shared room,$32.00 
40.68555903,-73.96238088,Shared room,$500.00 
40.67306889,-73.95364135,Shared room,$160.00 
40.6885665,-73.8720597,Shared room,$20.00 
40.78973616,-73.9424984,Shared room,$80.00 
40.74177265,-73.87859179,Shared room,$28.00 
40.72184294,-73.98164779,Shared room,$60.00 
40.71032529,-74.00979037,Shared room,$79.00 
40.63757821,-74.0261544,Shared room,$23.00 
40.5850369,-73.96702399,Shared room,$32.00 
40.73419012,-73.95391014,Shared room,$48.00 
40.82787229,-73.94975208,Shared room,$20.00 
40.82483821,-73.94442831,Shared room,$62.00 
40.81435338,-73.94670484,Shared room,$54.00 
40.76342783,-73.99150503,Shared room,$49.00 
40.76551358,-73.98898544,Shared room,$139.00 
40.75484017,-73.87639744,Shared room,$75.00 
40.71110849,-73.98930993,Shared room,$29.00 
40.61588178,-73.94612977,Shared room,$35.00 
40.84653054,-73.91753178,Shared room,$75.00 
40.72244524,-73.99415772,Shared room,$90.00 
40.74607444,-73.91415173,Shared room,$35.00 
40.64639852,-74.01343777,Shared room,$60.00 
40.77141161,-73.98862455,Shared room,$50.00 
40.77259547,-73.97927587,Shared room,$68.00 
40.77700225,-73.97708353,Shared room,$70.00 
40.7940685,-73.97679409,Shared room,$55.00 
40.80339986,-73.96832099,Shared room,$40.00 
40.73667704,-74.00201381,Shared room,$350.00 
40.73460557,-74.00593973,Shared room,$350.00 
40.70718519,-73.95927174,Shared room,$37.00 
40.70648487,-73.81490519,Shared room,$48.00 
40.85520525,-73.86709168,Shared room,$30.00 
40.66728814,-73.93228343,Shared room,$43.00 
40.67564643,-73.91582,Shared room,$70.00 
40.68680138,-73.87173652,Shared room,$20.00 
40.72981904,-73.98822696,Shared room,$75.00 
40.70883123,-74.00764122,Shared room,$100.00 
40.68203492,-73.984272,Shared room,$85.00 
40.8216026,-73.95582511,Shared room,$60.00 
40.80385091,-73.95435882,Shared room,$30.00 
40.82404698,-73.950971,Shared room,$93.00 
40.76249971,-73.98905223,Shared room,$79.00 
40.8707553,-73.90336912,Shared room,$90.00 
40.74240327,-73.97642446,Shared room,$79.00 
40.7219528,-73.98860818,Shared room,$55.00 
40.71883966,-73.99076111,Shared room,$29.00 
40.81049097,-73.95993054,Shared room,$40.00 
40.82919387,-73.87613697,Shared room,$30.00 
40.72265608,-73.85686002,Shared room,$35.00 
40.70170088,-73.82315677,Shared room,$60.00 
40.60991201,-73.95677374,Shared room,$39.00 
40.75973582,-73.98659697,Shared room,$59.00 
40.74351917,-73.90563987,Shared room,$35.00 
40.78882743,-73.97201054,Shared room,$250.00 
40.79041339,-73.97346082,Shared room,$117.00 
40.80095611,-73.95955131,Shared room,$49.00 
40.84650476,-73.94319108,Shared room,$60.00 
40.68599483,-73.95259579,Shared room,$16.00 
40.69036119,-73.95055679,Shared room,$29.00 
40.68888635,-73.94743361,Shared room,$45.00 
40.68816948,-73.95420453,Shared room,$16.00 
40.6915801,-73.91038628,Shared room,$35.00 
40.63484961,-73.9205465,Shared room,$50.00 
40.75278204,-73.99874791,Shared room,$105.00 
40.66661141,-73.95104067,Shared room,$90.00 
40.67196181,-73.93269599,Shared room,$80.00 
40.64602768,-73.94869293,Shared room,$25.00 
40.79511551,-73.94887605,Shared room,$37.00 
40.79517252,-73.94745061,Shared room,$35.00 
40.63560076,-73.95730627,Shared room,$35.00 
40.7257991,-73.84834264,Shared room,$39.00 
40.62105911,-74.033837,Shared room,$179.00 
40.82398261,-73.93791502,Shared room,$55.00 
40.80110722,-73.95475077,Shared room,$60.00 
40.823613,-73.94686302,Shared room,$60.00 
40.76388977,-73.99048692,Shared room,$55.00 
40.71921663,-73.99279667,Shared room,$200.00 
40.71179277,-73.98117181,Shared room,$33.00 
40.74439203,-73.9216267,Shared room,$50.00 
40.74260683,-73.90772601,Shared room,$60.00 
40.78304617,-73.95380998,Shared room,$49.00 
40.76980457,-73.96194786,Shared room,$48.00 
40.76739193,-73.95569631,Shared room,$90.00 
40.772262,-73.98356522,Shared room,$60.00 
40.79636997,-73.96996423,Shared room,$65.00 
40.85379661,-73.93196722,Shared room,$45.00 
40.71410313,-73.93540988,Shared room,$30.00 
40.72013841,-73.96171356,Shared room,$65.00 
40.71345542,-73.95688749,Shared room,$42.00 
40.69625398,-73.9485698,Shared room,$32.00 
40.69453866,-73.94868177,Shared room,$32.00 
40.67942204,-73.939199,Shared room,$99.00 
40.70118899,-73.93312517,Shared room,$25.00 
40.6831274,-73.96380995,Shared room,$45.00 
40.64512518,-73.9487978,Shared room,$28.00 
40.80006736,-73.94500214,Shared room,$70.00 
40.78547071,-73.94511218,Shared room,$50.00 
40.72422558,-73.98326766,Shared room,$100.00 
40.72375567,-73.98302955,Shared room,$30.00 
40.72608065,-73.98798149,Shared room,$79.00 
40.73831177,-73.79863941,Shared room,$60.00 
40.82684277,-73.9439597,Shared room,$69.00 
40.81276222,-73.94119702,Shared room,$125.00 
40.86117419,-73.92403557,Shared room,$48.00 
40.71754086,-73.98679703,Shared room,$50.00 
40.75991695,-73.96836684,Shared room,$74.00 
40.7590301,-73.96516453,Shared room,$65.00 
40.61354685,-73.96021451,Shared room,$32.00 
40.58693575,-73.816035,Shared room,$35.00 
40.72364019,-73.99923063,Shared room,$100.00 
40.77641956,-73.95594343,Shared room,$90.00 
40.77315783,-73.95413142,Shared room,$60.00 
40.77853807,-73.95073409,Shared room,$45.00 
40.79844943,-73.96932299,Shared room,$50.00 
40.77375876,-73.98223078,Shared room,$150.00 
40.85322243,-73.93563128,Shared room,$89.00 
40.68612656,-73.85747803,Shared room,$60.00 
40.7092701,-73.92637442,Shared room,$99.00 
40.69509849,-73.9560471,Shared room,$45.00 
40.81363341,-73.91579521,Shared room,$50.00 
40.67495015,-73.90824003,Shared room,$28.00 
40.69510267,-73.92983413,Shared room,$40.00 
40.68478258,-74.00300596,Shared room,$315.00 
40.74025351,-73.8580761,Shared room,$45.00 
40.74646777,-73.8761938,Shared room,$28.00 
40.74777361,-73.8796069,Shared room,$27.00 
40.74314981,-73.88067422,Shared room,$35.00 
40.88210553,-73.83624937,Shared room,$30.00 
40.6179032,-74.03282065,Shared room,$40.00 
40.86032417,-73.88493268,Shared room,$130.00 
40.77161634,-73.91936824,Shared room,$30.00 
40.76882858,-73.92410303,Shared room,$55.00 
40.76705051,-73.92101207,Shared room,$65.00 
40.82787549,-73.94834954,Shared room,$65.00 
40.8082686,-73.95328583,Shared room,$49.00 
40.8116027,-73.94309232,Shared room,$75.00 
40.75814762,-73.99374084,Shared room,$130.00 
40.75388833,-73.88576171,Shared room,$50.00 
40.75084418,-73.88087922,Shared room,$40.00 
40.88367911,-73.89750522,Shared room,$70.00 
40.71987068,-73.99728612,Shared room,$58.00 
40.7191286,-73.9967986,Shared room,$165.00 
40.71737736,-73.98333671,Shared room,$75.00 
40.76012646,-73.96565899,Shared room,$99.00 
40.70329677,-73.90811846,Shared room,$30.00 
40.59846126,-73.95485281,Shared room,$35.00 
40.60659587,-73.95947908,Shared room,$36.00 
40.60867048,-73.95833501,Shared room,$30.00 
40.74262404,-73.92542352,Shared room,$85.00 
40.79350754,-73.96979559,Shared room,$70.00 
40.83414256,-73.94023783,Shared room,$32.00 
40.84689148,-73.94298779,Shared room,$33.00 
40.85053986,-73.93515857,Shared room,$38.00 
40.69407287,-73.94551438,Shared room,$200.00 
40.6920109,-73.92902992,Shared room,$50.00 
40.70160691,-73.92919475,Shared room,$50.00 
40.69921698,-73.92697239,Shared room,$40.00 
40.6714051,-73.93023278,Shared room,$40.00 
40.67044195,-73.9429219,Shared room,$70.00 
40.65150656,-73.94956663,Shared room,$22.00 
40.63428902,-73.95871943,Shared room,$42.00 
40.76307397,-73.82569578,Shared room,$30.00 
40.76772821,-73.8284111,Shared room,$30.00 
40.72282286,-73.85570667,Shared room,$42.00 
40.69371217,-73.97076115,Shared room,$135.00 
40.77266352,-73.90267799,Shared room,$100.00 
40.75884935,-73.92184466,Shared room,$38.00 
40.68620031,-73.95364322,Shared room,$20.00 
40.60673853,-73.97076377,Shared room,$39.00 
40.8213978,-73.95675438,Shared room,$80.00 
40.82344909,-73.94203346,Shared room,$30.00 
40.76614879,-73.98408373,Shared room,$250.00 
40.76010615,-73.98915087,Shared room,$49.00 
40.74102851,-73.9821081,Shared room,$118.00 
40.74795779,-73.97949071,Shared room,$103.00 
40.71780126,-73.98503674,Shared room,$110.00 
40.75157085,-73.98529497,Shared room,$55.00 
40.80124338,-73.95979945,Shared room,$49.00 
40.80451991,-73.96516242,Shared room,$300.00 
40.72374392,-73.99468909,Shared room,$49.00 
40.59312407,-73.94224998,Shared room,$50.00 
40.64751516,-74.00590114,Shared room,$65.00 
40.76035258,-73.98025783,Shared room,$75.00 
40.74496167,-73.9093577,Shared room,$64.00 
40.74403962,-73.90688487,Shared room,$39.00 
40.74170523,-73.90589568,Shared room,$35.00 
40.76178223,-73.96713168,Shared room,$230.00 
40.77081717,-73.95563261,Shared room,$80.00 
40.78815313,-73.97369778,Shared room,$150.00 
40.79583895,-73.96380971,Shared room,$35.00 
40.80088932,-73.96751657,Shared room,$85.00 
40.84290498,-73.93839584,Shared room,$49.00 
40.84883333,-73.93219355,Shared room,$70.00 
40.73622081,-74.00147185,Shared room,$105.00 
40.71794769,-73.94929741,Shared room,$65.00 
40.70551221,-73.91924996,Shared room,$70.00 
40.69028552,-73.91898512,Shared room,$75.00 
40.74028577,-73.99805042,Shared room,$250.00 
40.74486731,-74.00277154,Shared room,$75.00 
40.81230768,-73.8553482,Shared room,$35.00 
40.67199878,-73.94246697,Shared room,$50.00 
40.79106406,-73.9505774,Shared room,$47.00 
40.7087323,-74.01333402,Shared room,$88.00 
40.7533435,-73.82883382,Shared room,$288.00 
40.75461018,-73.82004521,Shared room,$35.00 
40.71999269,-73.83920273,Shared room,$55.00 
40.85872807,-73.86996826,Shared room,$35.00 
40.69080575,-73.95626945,Shared room,$35.00 
40.81674439,-73.95291846,Shared room,$65.00 
40.81658001,-73.94350252,Shared room,$75.00 
40.81632886,-73.93741141,Shared room,$66.00 
40.82799563,-73.9368426,Shared room,$50.00 
40.76513464,-73.98655551,Shared room,$49.00 
40.7645477,-73.9912768,Shared room,$30.00 
40.72472998,-73.81308561,Shared room,$80.00 
40.718267,-73.99002137,Shared room,$235.00 
40.72086205,-73.98857143,Shared room,$500.00 
40.71625257,-73.98650536,Shared room,$30.00 
40.71329189,-73.99046902,Shared room,$45.00 
40.73832331,-73.92885843,Shared room,$40.00 
40.76212555,-73.98381115,Shared room,$54.00 
40.76180604,-73.98017196,Shared room,$525.00 
40.77557111,-73.9809948,Shared room,$100.00 
40.85781936,-73.93183347,Shared room,$42.00 
40.71413817,-73.93691553,Shared room,$30.00 
40.6832155,-73.9170239,Shared room,$75.00 
40.58050942,-73.95812551,Shared room,$50.00 
40.66217167,-73.91460263,Shared room,$182.00 
40.70272805,-73.92036249,Shared room,$35.00 
40.70280261,-73.92771356,Shared room,$40.00 
40.75186471,-73.99634731,Shared room,$125.00 
40.67114094,-73.93560803,Shared room,$35.00 
40.79028222,-73.94799738,Shared room,$50.00 
40.80476355,-73.9407439,Shared room,$89.00 
40.79731027,-73.94231358,Shared room,$55.00 
40.72912217,-73.97949957,Shared room,$95.00 
40.72306339,-73.98158745,Shared room,$50.00 
40.73237272,-73.98917998,Shared room,$99.00 
40.64229167,-73.9551817,Shared room,$37.00 
40.64014691,-73.96111769,Shared room,$200.00 
40.76311956,-73.8238743,Shared room,$30.00 
40.67069641,-73.99117894,Shared room,$37.00 
40.59172152,-73.78665268,Shared room,$35.00 
40.70375405,-73.83040402,Shared room,$45.00 
40.81160717,-73.94305572,Shared room,$70.00 
40.75816758,-73.99468666,Shared room,$45.00 
40.7684097,-73.99338925,Shared room,$85.00 
40.71763663,-73.76401735,Shared room,$120.00 
40.81471675,-73.95949136,Shared room,$70.00 
40.5833311,-73.81651559,Shared room,$50.00 
40.59823602,-73.95435111,Shared room,$37.00 
40.74167321,-73.92529047,Shared room,$95.00 
40.65146942,-74.00621281,Shared room,$59.00 
40.76245703,-73.98521784,Shared room,$55.00 
40.76106356,-73.98632768,Shared room,$65.00 
40.80072428,-73.95950675,Shared room,$49.00 
40.8532138,-73.93596007,Shared room,$35.00 
40.69266207,-73.92838656,Shared room,$40.00 
40.67701425,-73.90907214,Shared room,$33.00 
40.66791585,-73.92538345,Shared room,$37.00 
40.70093942,-73.92717961,Shared room,$40.00 
40.75090803,-73.99413502,Shared room,$200.00 
40.74048908,-73.85606875,Shared room,$45.00 
40.67762517,-73.89723481,Shared room,$33.00 
40.75941354,-73.85722763,Shared room,$45.00 
40.72331849,-73.98740488,Shared room,$52.00 
40.75303734,-73.82307821,Shared room,$29.00 
40.74044948,-73.78256932,Shared room,$38.00 
40.7341453,-73.98479063,Shared room,$90.00 
40.77244595,-73.91922318,Shared room,$90.00 
40.7773772,-73.91772428,Shared room,$32.00 
40.82355742,-73.94218162,Shared room,$30.00 
40.81548803,-73.95277604,Shared room,$90.00 
40.80882244,-73.94200373,Shared room,$100.00 
40.76224699,-73.98964028,Shared room,$55.00 
40.76418084,-73.98494071,Shared room,$74.00 
40.72453737,-73.81206084,Shared room,$60.00 
40.71710115,-73.9978142,Shared room,$59.00 
40.75084541,-73.98634683,Shared room,$55.00 
40.74325781,-73.9834007,Shared room,$49.00 
40.75593658,-73.96906988,Shared room,$265.00 
40.67723147,-73.98082739,Shared room,$150.00 
40.83805352,-73.85866528,Shared room,$1.00 
40.85650388,-73.90622012,Shared room,$61.00 
40.85622709,-73.93299736,Shared room,$35.00 
40.7170358,-73.95371394,Shared room,$175.00 
40.70745411,-73.94306903,Shared room,$50.00 
40.70162728,-73.92225012,Shared room,$34.00 
40.69451629,-73.9293684,Shared room,$30.00 
40.75095775,-73.99528385,Shared room,$68.00 
40.68692126,-73.96101114,Shared room,$50.00 
40.57750656,-73.98521049,Shared room,$50.00 
40.6506009,-73.92553065,Shared room,$43.00 
40.79783127,-73.9354643,Shared room,$100.00 
40.79312807,-73.94651081,Shared room,$42.00 
40.7327979,-73.87303327,Shared room,$60.00 
40.72814861,-73.97598174,Shared room,$100.00 
40.71071868,-74.006959,Shared room,$60.00 
40.72488273,-73.94084933,Shared room,$96.00 
40.80132316,-73.95568101,Shared room,$75.00 
40.81537656,-73.9546592,Shared room,$70.00 
40.81934103,-73.9561897,Shared room,$80.00 
40.82523502,-73.93831488,Shared room,$50.00 
40.75597565,-73.99375223,Shared room,$135.00 
40.86315509,-73.92626579,Shared room,$200.00 
40.73872632,-73.98152847,Shared room,$115.00 
40.73842041,-73.98007812,Shared room,$97.00 
40.75447987,-73.93503151,Shared room,$60.00 
40.61391159,-73.95798227,Shared room,$32.00 
40.85361658,-73.82949067,Shared room,$150.00 
40.85789777,-73.90437834,Shared room,$69.00 
40.78633395,-73.95527515,Shared room,$73.00 
40.79530763,-73.97603539,Shared room,$200.00 
40.78768198,-73.9723789,Shared room,$85.00 
40.71679696,-73.95689951,Shared room,$48.00 
40.71240971,-73.95172521,Shared room,$60.00 
40.69242111,-73.95967241,Shared room,$30.00 
40.7021019,-73.9257307,Shared room,$25.00 
40.67658788,-73.95753899,Shared room,$56.00 
40.6766697,-73.96057839,Shared room,$70.00 
40.82735342,-73.92110899,Shared room,$46.00 
40.67875581,-73.88907055,Shared room,$45.00 
40.79384343,-73.94033551,Shared room,$50.00 
40.79970486,-73.94110443,Shared room,$48.00 
40.7244195,-73.9869873,Shared room,$65.00 
40.71118572,-74.00601412,Shared room,$250.00 
40.70537802,-74.01043539,Shared room,$80.00 
40.70456889,-74.00733122,Shared room,$90.00 
40.75051247,-73.82057255,Shared room,$69.00 
40.7662506,-73.92447014,Shared room,$34.00 
40.58741664,-73.96663282,Shared room,$32.00 
40.81781003,-73.93470223,Shared room,$65.00 
40.81059596,-73.94646998,Shared room,$100.00 
40.76320393,-73.9919857,Shared room,$55.00 
40.86861574,-73.91606562,Shared room,$65.00 
40.66809867,-73.97726274,Shared room,$78.00 
40.77179894,-73.9486449,Shared room,$150.00 
40.76543049,-73.95469038,Shared room,$69.00 
40.77277379,-73.9560406,Shared room,$240.00 
40.80165081,-73.96286511,Shared room,$76.00 
40.80449062,-73.96779874,Shared room,$61.00 
40.85450313,-73.93169492,Shared room,$50.00 
40.84561051,-73.93346367,Shared room,$165.00 
40.70698073,-73.94308539,Shared room,$90.00 
40.69121868,-73.95647993,Shared room,$35.00 
40.69723491,-73.92510905,Shared room,$60.00 
40.69931395,-73.91935524,Shared room,$25.00 
40.7437183,-73.99947574,Shared room,$78.00 
40.74397798,-73.99664319,Shared room,$46.00 
40.78453287,-73.85068043,Shared room,$24.00 
40.74904613,-73.86499257,Shared room,$37.00 
40.66209426,-73.93946789,Shared room,$85.00 
40.64942218,-73.92481888,Shared room,$43.00 
40.7911871,-73.94686963,Shared room,$45.00 
40.70601919,-74.00589858,Shared room,$69.00 
40.72963678,-73.8471209,Shared room,$65.00 
40.73310067,-73.98605096,Shared room,$199.00 
40.58624031,-73.96806653,Shared room,$32.00 
40.80025945,-73.95196759,Shared room,$45.00 
40.76632586,-73.99098396,Shared room,$100.00 
40.76464975,-73.98715451,Shared room,$42.00 
40.76045521,-73.99688152,Shared room,$80.00 
40.76533927,-73.98515675,Shared room,$50.00 
40.67746736,-73.76493154,Shared room,$39.00 
40.74260659,-73.98102038,Shared room,$49.00 
40.74425513,-73.9805652,Shared room,$60.00 
40.74574923,-73.97837897,Shared room,$60.00 
40.74786253,-73.97277431,Shared room,$160.00 
40.74799084,-73.98264302,Shared room,$100.00 
40.71042755,-73.98853874,Shared room,$28.00 
40.71995286,-73.98543583,Shared room,$75.00 
40.61248854,-73.96017677,Shared room,$32.00 
40.80728276,-73.95856754,Shared room,$75.00 
40.72314845,-73.8579999,Shared room,$35.00 
40.58304055,-73.95797612,Shared room,$34.00 
40.60010722,-73.95615036,Shared room,$45.00 
40.58472349,-73.95832709,Shared room,$34.00 
40.76293579,-73.98528907,Shared room,$100.00 
40.76810164,-73.95680969,Shared room,$75.00 
40.77874779,-73.94982701,Shared room,$99.00 
40.76261738,-73.95752923,Shared room,$60.00 
40.7929706,-73.96822842,Shared room,$150.00 
40.79005167,-73.97485563,Shared room,$80.00 
40.80078737,-73.95934219,Shared room,$49.00 
40.70894495,-73.94142457,Shared room,$140.00 
40.71411859,-73.9495927,Shared room,$84.00 
40.70585863,-73.94134838,Shared room,$60.00 
40.68038065,-73.95462168,Shared room,$45.00 
40.58017307,-73.96160374,Shared room,$43.00 
40.69097036,-73.90356312,Shared room,$35.00 
40.69382319,-73.90925079,Shared room,$28.00 
40.74842265,-73.99544169,Shared room,$110.00 
40.68713077,-73.96226482,Shared room,$99.00 
40.67590358,-73.95704018,Shared room,$50.00 
40.68712216,-73.87166775,Shared room,$20.00 
40.63393328,-73.9474102,Shared room,$49.00 
40.79406482,-73.94102312,Shared room,$62.00 
40.75294083,-73.81926126,Shared room,$36.00 
40.76691289,-73.92391299,Shared room,$40.00 
40.6074048,-73.97457596,Shared room,$25.00 
40.81709954,-73.94458541,Shared room,$50.00 
40.80994467,-73.94882082,Shared room,$65.00 
40.81312118,-73.94547197,Shared room,$97.00 
40.76547697,-73.9847386,Shared room,$105.00 
40.76198776,-73.92683579,Shared room,$33.00 
40.7099268,-73.98700365,Shared room,$35.00 
40.753584,-73.99189935,Shared room,$99.00 
40.61978415,-73.95604899,Shared room,$50.00 
40.71671903,-73.90037899,Shared room,$35.00 
40.71672548,-73.87518849,Shared room,$32.00 
40.80523517,-73.9652616,Shared room,$50.00 
40.72288524,-73.99372903,Shared room,$250.00 
40.58964002,-73.81251363,Shared room,$40.00 
40.77089271,-73.95967799,Shared room,$75.00 
40.76318266,-73.96107563,Shared room,$100.00 
40.76111803,-73.9588769,Shared room,$71.00 
40.80120419,-73.96692777,Shared room,$55.00 
40.83555596,-73.94952744,Shared room,$50.00 
40.83650257,-73.93688309,Shared room,$65.00 
40.70798088,-73.93651719,Shared room,$64.00 
40.69047626,-73.95420331,Shared room,$30.00 
40.66301852,-73.94665541,Shared room,$25.00 
40.6868661,-73.91564483,Shared room,$40.00 
40.68977928,-73.96403617,Shared room,$25.00 
40.66671947,-73.9361244,Shared room,$59.00 
40.63424728,-73.94862014,Shared room,$45.00 
40.70929922,-74.01395975,Shared room,$75.00 
40.75497875,-73.82332843,Shared room,$30.00 
40.76227445,-73.82045127,Shared room,$30.00 
40.76241844,-73.92140571,Shared room,$89.00 
40.730409,-73.99504119,Shared room,$50.00 
40.80033502,-73.95535931,Shared room,$149.00 
40.80925233,-73.94521902,Shared room,$39.00 
40.82810509,-73.94371904,Shared room,$40.00 
40.82700252,-73.9419755,Shared room,$45.00 
40.76767053,-73.98783127,Shared room,$67.00 
40.74267166,-73.97603148,Shared room,$65.00 
40.71855092,-73.9971824,Shared room,$500.00 
40.75793516,-73.96959347,Shared room,$42.00 
40.74021838,-73.90457357,Shared room,$39.00 
40.59830598,-73.95421734,Shared room,$45.00 
40.76237026,-73.98442134,Shared room,$65.00 
40.7616775,-73.98573157,Shared room,$52.00 
40.78320588,-73.94808006,Shared room,$100.00 
40.85492334,-73.93231061,Shared room,$45.00 
40.70704737,-73.93167898,Shared room,$41.00 
40.70980903,-73.95764863,Shared room,$50.00 
40.68642018,-73.9344017,Shared room,$25.00 
40.73694295,-73.98934631,Shared room,$59.00 
40.697583,-73.93417159,Shared room,$54.00 
40.69259316,-73.92680404,Shared room,$70.00 
40.69914131,-73.93590638,Shared room,$44.00 
40.74977009,-73.99702491,Shared room,$80.00 
40.67639799,-73.94885824,Shared room,$35.00 
40.65221511,-73.94873879,Shared room,$40.00 
40.79863206,-73.94198553,Shared room,$45.00 
40.80770618,-73.94111814,Shared room,$95.00 
40.73226542,-73.98524209,Shared room,$150.00 
40.70536047,-74.00829759,Shared room,$105.00 
40.70450174,-74.00940391,Shared room,$55.00 
40.81515694,-73.94829311,Shared room,$55.00 
40.7618422,-73.99057814,Shared room,$49.00 
40.76767918,-73.99137431,Shared room,$50.00 
40.86553231,-73.92627041,Shared room,$35.00 
40.74847099,-73.87908135,Shared room,$23.00 
40.74220641,-73.97993943,Shared room,$49.00 
40.75087023,-73.98837918,Shared room,"$1,500.00 "
40.61210358,-73.95805796,Shared room,$32.00 
40.6122008,-73.9579252,Shared room,$32.00 
40.76178497,-73.98623222,Shared room,$52.00 
40.76072674,-73.98571456,Shared room,$50.00 
40.78509818,-73.95253927,Shared room,$60.00 
40.78418363,-73.97753908,Shared room,$58.00 
40.78587058,-73.97868878,Shared room,$58.00 
40.84752667,-73.93508394,Shared room,$50.00 
40.71197741,-73.93618101,Shared room,$32.00 
40.63573897,-74.00328882,Shared room,$40.00 
40.73737586,-73.85722969,Shared room,$38.00 
40.73846912,-73.85596175,Shared room,$39.00 
40.68748646,-73.87130777,Shared room,$20.00 
40.6450904,-73.94824712,Shared room,$27.00 
40.79864652,-73.93827986,Shared room,$35.00 
40.79004046,-73.94846369,Shared room,$69.00 
40.72328173,-73.98830332,Shared room,$299.00 
40.72362593,-73.98794504,Shared room,$49.00 
40.70511049,-74.00942583,Shared room,"$1,000.00 "
40.70573128,-74.00854613,Shared room,$75.00 
40.70680848,-74.00949486,Shared room,$60.00 
40.75962117,-73.9217551,Shared room,$50.00 
40.75750898,-73.91841962,Shared room,$40.00 
40.63820931,-74.02729972,Shared room,$22.00 
40.82320238,-73.95580527,Shared room,$35.00 
40.79909377,-73.95421601,Shared room,$77.00 
40.76058604,-73.98864546,Shared room,$105.00 
40.86524046,-73.92338169,Shared room,$25.00 
40.86199302,-73.92828108,Shared room,$25.00 
40.68696048,-73.78023918,Shared room,$52.00 
40.70970086,-73.98724035,Shared room,$35.00 
40.87812999,-73.91063916,Shared room,$45.00 
40.87268666,-73.88624191,Shared room,$100.00 
40.77734495,-73.95778511,Shared room,$130.00 
40.77305407,-73.96282922,Shared room,$99.00 
40.78459041,-73.97701224,Shared room,$56.00 
40.80076351,-73.9638915,Shared room,$100.00 
40.70623737,-73.92860866,Shared room,$60.00 
40.72013871,-73.96176002,Shared room,$65.00 
40.70096711,-73.94182162,Shared room,$24.00 
40.69332905,-73.90764737,Shared room,$47.00 
40.69087997,-73.90618273,Shared room,$100.00 
40.71589829,-73.99600395,Shared room,$75.00 
40.79984837,-73.9383633,Shared room,$35.00 
40.78867892,-73.95274866,Shared room,$34.00 
40.79370554,-73.94507116,Shared room,$42.00 
40.79652053,-73.94913391,Shared room,$39.00 
40.66585531,-73.89442854,Shared room,$100.00 
40.70582645,-74.00716861,Shared room,$47.00 
40.63549043,-73.95817108,Shared room,$35.00 
40.6430712,-73.95454952,Shared room,$30.00 
40.6204556,-73.94296609,Shared room,$50.00 
40.7566036,-73.81872711,Shared room,$35.00 
40.61768714,-74.03594826,Shared room,$35.00 
40.68246752,-73.84368201,Shared room,$25.00 
40.71077738,-74.01623345,Shared room,$55.00 
40.69668174,-73.93714844,Shared room,$27.00 
40.82782276,-73.94571104,Shared room,$65.00 
40.76309377,-73.99217087,Shared room,$79.00 
40.75837405,-73.99195486,Shared room,$165.00 
40.76203632,-73.99092048,Shared room,$46.00 
40.74884357,-73.97953982,Shared room,$75.00 
40.7425093,-73.9574623,Shared room,$130.00 
40.7570085,-73.96804088,Shared room,$65.00 
40.76206608,-73.97771448,Shared room,$65.00 
40.72187524,-73.99647315,Shared room,$115.00 
40.67289495,-73.97433987,Shared room,$60.00 
40.76641264,-73.94561099,Shared room,$45.00 
40.76124442,-73.95035129,Shared room,$49.00 
40.60871379,-73.95253057,Shared room,$50.00 
40.69985642,-73.75473697,Shared room,$65.00 
40.75302268,-73.90281232,Shared room,$40.00 
40.76859812,-73.95306682,Shared room,$85.00 
40.77750302,-73.95261546,Shared room,$45.00 
40.76995375,-73.95604089,Shared room,$120.00 
40.76781255,-73.96188184,Shared room,$45.00 
40.78986347,-73.9754312,Shared room,$55.00 
40.8340466,-73.94564974,Shared room,"$1,000.00 "
40.83290197,-73.94462963,Shared room,$99.00 
40.73546056,-74.00263137,Shared room,$80.00 
40.68700033,-73.93446301,Shared room,$30.00 
40.69979466,-73.92409153,Shared room,$100.00 
40.74010278,-74.00160024,Shared room,$149.00 
40.69428867,-73.96284014,Shared room,$247.00 
40.69172084,-73.9693353,Shared room,$40.00 
40.6683799,-73.95624291,Shared room,$45.00 
40.66612086,-73.93696193,Shared room,$20.00 
40.64233093,-73.94773174,Shared room,$38.00 
40.79972249,-73.94130245,Shared room,$45.00 
40.74396718,-73.87902984,Shared room,$35.00 
40.72051541,-73.98002538,Shared room,$100.00 
40.7061022,-74.004657,Shared room,$80.00 
40.71008033,-74.0095726,Shared room,$79.00 
40.65052133,-73.96264461,Shared room,$99.00 
40.63931776,-73.95551633,Shared room,$26.00 
40.74366703,-73.99091342,Shared room,$90.00 
40.66892818,-73.99404471,Shared room,$44.00 
40.73575899,-73.85621002,Shared room,$40.00 
40.69092709,-73.97901076,Shared room,$99.00 
40.76602232,-73.9174159,Shared room,$75.00 
40.76976552,-73.91596332,Shared room,$45.00 
40.63633649,-74.02667817,Shared room,$17.00 
40.58578408,-73.96780946,Shared room,$32.00 
40.81420394,-73.94051997,Shared room,$72.00 
40.81741755,-73.95446671,Shared room,$65.00 
40.76683488,-73.99329952,Shared room,$85.00 
40.85922159,-73.93098276,Shared room,$30.00 
40.74896594,-73.88214566,Shared room,$42.00 
40.74425017,-73.95733086,Shared room,$34.00 
40.81522682,-73.9612255,Shared room,$50.00 
40.7062843,-73.90031242,Shared room,$60.00 
40.74585015,-73.92691483,Shared room,$60.00 
40.74481296,-73.91753641,Shared room,$32.00 
40.8509047,-73.93361043,Shared room,$42.00 
40.71181687,-73.95691906,Shared room,$130.00 
40.71376641,-73.93562959,Shared room,$31.00 
40.68045625,-73.9192761,Shared room,$42.00 
40.85960603,-73.89030744,Shared room,$110.00 
40.69533423,-73.9088937,Shared room,$28.00 
40.68552421,-73.96394962,Shared room,$50.00 
40.67088642,-73.96035119,Shared room,$70.00 
40.7369923,-73.86264116,Shared room,$40.00 
40.79290841,-73.94019808,Shared room,$50.00 
40.7947252,-73.94977431,Shared room,$39.00 
40.72680929,-73.98963283,Shared room,$58.00 
40.72140308,-73.98118708,Shared room,$65.00 
40.65210046,-73.96097698,Shared room,$45.00 
40.6468064,-73.95901219,Shared room,$30.00 
40.74780198,-73.81592557,Shared room,$24.00 
40.721111,-73.84383434,Shared room,$75.00 
40.73389984,-73.98548287,Shared room,$200.00 
40.82510228,-73.93552104,Shared room,$50.00 
40.7633183,-73.9890112,Shared room,$75.00 
40.74887603,-73.87985772,Shared room,$23.00 
40.75304701,-73.93767615,Shared room,$65.00 
40.75832313,-73.92873758,Shared room,$72.00 
40.72027338,-73.98535237,Shared room,$60.00 
40.71588897,-73.8988817,Shared room,$35.00 
40.83049126,-73.87353719,Shared room,$50.00 
40.58403537,-73.95783119,Shared room,$29.00 
40.88268149,-73.91124828,Shared room,$40.00 
40.74329506,-73.90569081,Shared room,$35.00 
40.78542481,-73.9546297,Shared room,$300.00 
40.7667496,-73.95427719,Shared room,$52.00 
40.77984037,-73.94929028,Shared room,$85.00 
40.77515694,-73.95549826,Shared room,$80.00 
40.77878765,-73.98031801,Shared room,$55.00 
40.85440406,-73.93091153,Shared room,$41.00 
40.8476415,-73.93875004,Shared room,$65.00 
40.85672038,-73.93019751,Shared room,$100.00 
40.85328567,-73.93017286,Shared room,$45.00 
40.83785601,-73.91786974,Shared room,$30.00 
40.73733189,-73.85703977,Shared room,$40.00 
40.66382569,-73.92705516,Shared room,$95.00 
40.73065392,-73.98898517,Shared room,$93.00 
40.5992603,-73.74897953,Shared room,$50.00 
40.70891211,-74.01291693,Shared room,$45.00 
40.7578967,-73.83048272,Shared room,$110.00 
40.77939945,-73.91645848,Shared room,$22.00 
40.58913439,-73.96644111,Shared room,$32.00 
40.8221912,-73.94938896,Shared room,$45.00 
40.76216583,-73.98879387,Shared room,$55.00 
40.76546468,-73.98553238,Shared room,$59.00 
40.74934821,-73.88331747,Shared room,$23.00 
40.74101204,-73.97982816,Shared room,$49.00 
40.73711043,-73.97731417,Shared room,$25.00 
40.72194409,-73.98941067,Shared room,$68.00 
40.74383615,-73.98243447,Shared room,$55.00 
40.76212594,-73.95601339,Shared room,$60.00 
40.77906787,-73.94952573,Shared room,$75.00 
40.7822845,-73.97986562,Shared room,$46.00 
40.80073936,-73.95885881,Shared room,$49.00 
40.78573698,-73.97046563,Shared room,$70.00 
40.8337899,-73.94140676,Shared room,$32.00 
40.84805094,-73.94208502,Shared room,$42.00 
40.83980355,-73.9384986,Shared room,$35.00 
40.85029241,-73.9364454,Shared room,$360.00 
40.65988423,-73.96120165,Shared room,$59.00 
40.63591303,-73.90940619,Shared room,$80.00 
40.73941507,-74.00008647,Shared room,$50.00 
40.67529027,-73.91023947,Shared room,$35.00 
40.67799271,-73.94709233,Shared room,$45.00 
40.67102984,-73.91843002,Shared room,$25.00 
40.65445819,-73.92613019,Shared room,$99.00 
40.64583395,-73.94830432,Shared room,$25.00 
40.64471125,-73.94950466,Shared room,$20.00 
40.64517091,-73.94843266,Shared room,$40.00 
40.7914884,-73.95105865,Shared room,$28.00 
40.79741575,-73.9375262,Shared room,$60.00 
40.79639978,-73.94919188,Shared room,$42.00 
40.79518861,-73.94838839,Shared room,$38.00 
40.64080208,-73.95537289,Shared room,$50.00 
40.69302067,-73.9822064,Shared room,$40.00 
40.69564925,-73.9412264,Shared room,$65.00 
40.5854433,-73.96729095,Shared room,$32.00 
40.81936968,-73.95588527,Shared room,$70.00 
40.86765902,-73.91991165,Shared room,$55.00 
40.86675477,-73.92828633,Shared room,$85.00 
40.74362552,-73.98037828,Shared room,$49.00 
40.74443588,-73.9717379,Shared room,$115.00 
40.61085652,-73.97253835,Shared room,$55.00 
40.7165033,-73.90059721,Shared room,$35.00 
40.70610338,-73.91149639,Shared room,$27.00 
40.69704908,-73.89940494,Shared room,$45.00 
40.64167047,-74.01182226,Shared room,$30.00 
40.75118652,-73.90223027,Shared room,$40.00 
40.78047037,-73.95463084,Shared room,$49.00 
40.77141009,-73.95340175,Shared room,$45.00 
40.76738319,-73.95478632,Shared room,$39.00 
40.77926828,-73.95071321,Shared room,$45.00 
40.77412703,-73.95420246,Shared room,$65.00 
40.76196044,-73.95973275,Shared room,$99.00 
40.77892649,-73.97859232,Shared room,$10.00 